SIC Code,Description,0-4,5-9,10-19,20-49,50-99,100-249,250+,Total
01,Crop and animal production; hunting and related service activities,116395,11270,3075,1080,345,150,95,132410
02,Forestry and logging,4105,475,190,70,15,5,5,4865
03,Fishing and aquaculture,3590,275,95,15,5,5,5,3990
05,Mining of coal and lignite,0,0,0,0,0,0,0,0
06,Extraction of crude petroleum and natural gas,65,15,5,5,0,10,15,115
07,Mining of metal ores,5,0,0,0,0,0,0,5
08,Other mining and quarrying,400,120,80,65,25,15,5,710
09,Mining support service activities,255,35,15,25,15,10,10,365
10,Manufacture of food products,5070,1480,1095,850,380,295,250,9420
11,Manufacture of beverages,1875,405,245,130,65,20,35,2775
12,Manufacture of tobacco products,0,5,0,0,0,0,0,5
13,Manufacture of textiles,2760,705,415,280,115,50,20,4345
14,Manufacture of wearing apparel,2780,500,235,150,50,5,5,3725
15,Manufacture of leather and related products,405,85,45,30,15,10,5,595
16,Manufacture of wood and of products of wood and cork; except furniture; manufacture of articles of straw and plaiting materials,7840,1325,705,425,140,55,25,10515
17,Manufacture of paper and paper products,670,175,165,180,105,65,35,1395
18,Printing and reproduction of recorded media,7070,1460,660,425,125,70,30,9840
19,Manufacture of coke and refined petroleum products,35,10,0,15,10,5,10,85
20,Manufacture of chemicals and chemical products,1885,420,270,315,190,120,70,3270
21,Manufacture of basic pharmaceutical products and pharmaceutical preparations,385,65,35,50,30,35,50,650
22,Manufacture of rubber and plastic products,2220,970,705,665,340,230,90,5220
23,Manufacture of other non-metallic mineral products,2225,740,450,325,140,80,40,4000
24,Manufacture of basic metals,1030,245,185,195,90,60,30,1835
25,Manufacture of fabricated metal products; except machinery and equipment,13510,3615,2565,1905,640,275,85,22595
26,Manufacture of computer; electronic and optical products,3205,775,470,500,230,145,60,5385
27,Manufacture of electrical equipment,1565,420,360,370,180,90,45,3030
28,Manufacture of machinery and equipment n.e.c.,3965,1080,720,715,365,195,100,7140
29,Manufacture of motor vehicles; trailers and semi-trailers,2380,440,255,185,135,105,75,3575
30,Manufacture of other transport equipment,1365,220,100,80,70,45,65,1945
31,Manufacture of furniture,4360,1035,600,405,170,85,30,6685
32,Other manufacturing,6880,1525,590,350,135,80,40,9600
33,Repair and installation of machinery and equipment,11735,1505,795,390,125,75,60,14685
35,Electricity; gas; steam and air conditioning supply,4935,600,280,90,30,25,40,6000
36,Water collection; treatment and supply,35,10,5,20,5,5,20,100
37,Sewerage,820,195,90,90,20,5,5,1225
38,Waste collection; treatment and disposal activities; materials recovery,3850,925,635,480,160,90,65,6205
39,Remediation activities and other waste management services,825,180,110,75,15,5,0,1210
41,Construction of buildings,108170,8375,3395,1200,390,185,100,121815
42,Civil engineering,18025,2260,1025,660,240,115,85,22410
43,Specialised construction activities,202175,20890,8145,3530,790,330,115,235975
45,Wholesale and retail trade and repair of motor vehicles and motorcycles,61960,13180,4025,1540,450,260,215,81630
46,Wholesale trade; except of motor vehicles and motorcycles,69275,14885,9145,5425,1865,870,505,101970
47,Retail trade; except of motor vehicles and motorcycles,160890,33340,12820,5340,1250,505,475,214620
49,Land transport and transport via pipelines,51590,5720,2960,1855,595,275,180,63175
50,Water transport,1040,165,75,60,25,10,10,1385
51,Air transport,880,60,30,30,15,15,20,1050
52,Warehousing and support activities for transportation,12865,2075,1050,795,380,255,170,17590
53,Postal and courier activities,31870,1125,380,180,65,25,30,33675
55,Accommodation,12050,2985,2245,2220,935,420,205,21060
56,Food and beverage service activities,79940,37340,22445,10235,1475,520,500,152455
58,Publishing activities,9850,1140,685,460,155,70,55,12415
59,Motion picture; video and television programme production; sound recording and music publishing activities,30420,1425,790,385,170,75,40,33305
60,Programming and broadcasting activities,1840,130,45,40,10,15,15,2095
61,Telecommunications,6340,610,375,320,145,95,70,7955
62,Computer programming; consultancy and related activities,106880,7365,4555,3065,1110,520,295,123790
63,Information service activities,6545,720,490,265,90,45,45,8200
64,Financial service activities; except insurance and pension funding,17250,1230,465,320,150,115,155,19685
65,Insurance; reinsurance and pension funding; except compulsory social security,6910,140,85,50,25,20,60,7290
66,Activities auxiliary to financial services and insurance activities,24790,3525,1675,855,475,270,220,31810
68,Real estate activities,100060,11320,4480,1225,350,225,235,117895
69,Legal and accounting activities,56980,8050,4240,2235,750,445,300,73000
70,Activities of head offices; management consultancy activities,140890,8230,4285,2180,760,330,190,156865
71,Architectural and engineering activities; technical testing and analysis,66935,6205,3330,1930,650,295,185,79530
72,Scientific research and development,3890,675,545,380,160,95,105,5850
73,Advertising and market research,19245,1870,1130,760,295,130,115,23545
74,Other professional; scientific and technical activities,67090,5000,2110,850,210,70,35,75365
75,Veterinary activities,1945,605,530,260,75,25,15,3455
77,Rental and leasing activities,13585,2355,1265,675,225,120,70,18295
78,Employment activities,21535,3375,2655,1845,1090,640,485,31625
79,Travel agency; tour operator and other reservation service and related activities,6965,955,410,265,115,70,35,8815
80,Security and investigation activities,7915,1085,675,515,245,145,85,10665
81,Services to buildings and landscape activities,40085,6685,3340,1600,600,335,315,52960
82,Office administrative; office support and other business support activities,88460,9155,4025,1590,570,285,225,104310
84,Public administration and defence; compulsory social security,6435,550,210,130,45,55,415,7840
85,Education,29835,6215,4190,2810,1630,1650,1670,48000
86,Human health activities,45015,7795,6345,4195,1200,385,495,65430
87,Residential care activities,3190,1255,1875,2905,1520,690,425,11860
88,Social work activities without accommodation,15240,7775,6755,4235,1515,640,330,36490
90,Creative; arts and entertainment activities,29445,1615,750,330,120,75,25,32360
91,Libraries; archives; museums and other cultural activities,915,300,230,210,135,80,55,1925
92,Gambling and betting activities,375,190,130,90,35,30,30,880
93,Sports activities and amusement and recreation activities,26655,5370,3380,2290,600,290,225,38810
94,Activities of membership organisations,15345,4125,1725,905,275,160,95,22630
95,Repair of computers and personal and household goods,8265,820,285,150,40,20,15,9595
96,Other personal service activities,64505,12325,3740,1040,200,70,25,81905
97,Activities of households as employers of domestic personnel,0,0,0,0,0,0,0,0
98,Undifferentiated goods- and services-producing activities of private households for own use,0,0,0,0,0,0,0,0
99,Activities of extraterritorial organisations and bodies,0,0,0,0,0,0,0,0
,Total,2122850,305890,155785,85380,28695,14885,11285,2724770
